City_ID,City,Lat,Lng,Max Temp,Humidity,Cloudiness,Wind Speed,Country,Date
0,suez,29.9737,32.5263,65.75,40,0,4.43,EG,1682482640
1,iqaluit,63.7506,-68.5145,29.93,100,75,0.0,CA,1682482640
2,aasiaat,68.7098,-52.8699,31.62,99,100,7.74,GL,1682482640
3,dryden,49.7833,-92.7503,28.69,69,0,3.44,CA,1682482640
4,wailua homesteads,22.0669,-159.378,77.43,74,75,12.66,US,1682482641
5,sitia,35.2,26.0986,62.98,79,100,6.26,GR,1682482641
6,bethel,41.3712,-73.414,46.63,76,0,0.0,US,1682482641
7,invercargill,-46.4,168.35,53.02,82,100,1.99,NZ,1682482641
8,iskateley,67.6803,53.1512,24.1,91,10,12.33,RU,1682482641
9,adamstown,-25.066,-130.1015,76.62,74,6,11.81,PN,1682482641
10,remire-montjoly,4.9167,-52.2667,75.24,100,100,2.3,GF,1682482642
11,grytviken,-54.2811,-36.5092,35.85,88,58,15.79,GS,1682482642
12,edinburgh of the seven seas,-37.0676,-12.3116,59.4,65,78,29.19,SH,1682482642
13,constantia,44.1833,28.65,47.08,86,86,8.63,RO,1682482642
14,port-aux-francais,-49.35,70.2167,43.72,95,96,24.34,TF,1682482642
15,rio rico,31.4715,-110.9765,67.64,22,0,0.0,US,1682482642
16,muisne,0.6,-80.0333,78.21,85,100,1.54,EC,1682482642
17,port alfred,-33.5906,26.891,68.18,97,86,1.99,ZA,1682482643
18,hamilton,39.1834,-84.5333,52.74,69,100,0.0,US,1682482643
19,waitangi,-43.9535,-176.5597,50.83,80,86,1.99,NZ,1682482643
20,vila velha,-20.3297,-40.2925,71.94,97,75,3.44,BR,1682482643
21,smithers,54.7804,-127.1743,39.43,76,96,2.89,CA,1682482355
22,west island,-12.1568,96.8225,84.18,74,75,18.41,CC,1682482643
23,saipan,15.1355,145.701,90.3,100,40,21.85,MP,1682482643
24,ust-nera,64.5667,143.2,30.9,79,28,3.33,RU,1682482644
25,salekhard,66.53,66.6019,25.12,88,7,7.49,RU,1682482644
26,albany,42.6001,-73.9662,39.81,80,1,1.01,US,1682482549
27,barcelos,41.5388,-8.6151,59.85,94,97,3.06,PT,1682482397
28,katsuura,35.1333,140.3,65.66,96,100,25.05,JP,1682482644
29,teruel,40.6667,-0.6667,49.46,79,43,3.51,ES,1682482644
30,blackmans bay,-43.0167,147.3167,73.72,43,5,4.29,AU,1682482644
31,ubari,26.5921,12.7805,68.83,24,2,9.08,LY,1682482644
32,margaret river,-33.95,115.0667,62.8,72,100,13.22,AU,1682482645
33,anadyr,64.75,177.4833,23.5,57,0,21.99,RU,1682482645
34,ma'rib,15.4591,45.3253,80.35,34,29,2.93,YE,1682482645
35,ganjam,19.3833,85.0667,86.29,57,89,2.73,IN,1682482645
36,aguas formosas,-17.0822,-40.9358,69.24,99,86,2.08,BR,1682482645
37,magistral'nyy,56.1725,107.4458,44.42,55,99,5.73,RU,1682482645
38,sola,-13.8833,167.55,80.78,73,50,1.92,VU,1682482645
39,angaur state,6.906,134.13,84.07,71,14,6.26,PW,1682482645
40,vorgashor,67.5833,63.95,18.16,95,57,12.26,RU,1682482437
41,geraldton,-28.7667,114.6,72.01,49,53,11.5,AU,1682482646
42,jamestown,42.097,-79.2353,40.59,91,100,3.44,US,1682482379
43,east london,-33.0153,27.9116,67.77,90,63,6.44,ZA,1682482646
44,maralal,1.0968,36.698,58.98,88,100,2.26,KE,1682482646
45,ta`u,-14.2336,-169.5144,82.83,71,19,6.02,AS,1682482445
46,kapuskasing,49.4169,-82.4331,28.49,100,100,6.91,CA,1682482646
47,qaqortoq,60.7167,-46.0333,32.49,94,95,0.74,GL,1682482646
48,ushuaia,-54.8,-68.3,46.06,57,20,13.8,AR,1682482627
49,puerto baquerizo moreno,-0.9,-89.6,78.26,78,46,4.83,EC,1682482647
50,sinabang,2.4803,96.3801,86.18,68,100,3.94,ID,1682482647
51,birjand,32.8663,59.2211,73.87,14,0,6.91,IR,1682482647
52,petropavlovsk-kamchatsky,53.0452,158.6483,41.59,45,75,13.42,RU,1682482647
53,mae ramat,16.984,98.5166,91.72,37,44,3.24,TH,1682482647
54,susuman,62.7833,148.1667,27.54,80,98,1.99,RU,1682482647
55,punta del este,-34.9667,-54.95,64.87,97,20,3.44,UY,1682482647
56,mount pleasant,32.7941,-79.8626,64.99,83,100,8.05,US,1682482580
57,divnomorskoye,44.5011,38.1353,53.47,63,97,5.61,RU,1682482647
58,gaspe,48.8334,-64.4819,30.11,100,20,2.3,CA,1682482562
59,tazacorte,28.629,-17.9293,65.37,75,0,6.91,ES,1682482648
60,yamada,39.4667,141.95,53.82,99,100,8.55,JP,1682482648
61,jeddah,21.5169,39.2192,80.46,78,0,6.91,SA,1682482622
62,penarroya-pueblonuevo,38.3,-5.2667,60.46,57,3,1.77,ES,1682482648
63,yellowknife,62.456,-114.3525,34.32,100,100,8.05,CA,1682482366
64,vilyuchinsk,52.9306,158.4028,43.07,71,31,15.03,RU,1682482648
65,notodden,59.5594,9.2585,32.76,89,92,3.56,NO,1682482648
66,grand-lahou,5.1367,-5.0242,79.86,87,97,8.61,CI,1682482649
67,bilibino,68.0546,166.4372,30.07,70,1,1.61,RU,1682482649
68,roma,43.2128,-75.4557,40.66,89,0,4.61,US,1682482569
69,georgetown,5.4112,100.3354,91.33,66,20,6.91,MY,1682482535
70,jijiga,9.35,42.8,64.24,85,85,5.86,ET,1682482649
71,santo antonio,-6.3106,-35.4789,72.46,96,46,6.02,BR,1682482649
72,hermanus,-34.4187,19.2345,53.8,86,100,7.56,ZA,1682482649
73,emerald,-23.5333,148.1667,81.34,36,24,9.62,AU,1682482477
74,st. john's,47.5649,-52.7093,35.78,95,100,21.99,CA,1682482650
75,kodiak,57.79,-152.4072,36.91,93,100,6.91,US,1682482650
76,qusmuryn,52.4503,64.6311,62.82,41,100,9.08,KZ,1682482650
77,maintirano,-18.0667,44.0167,71.15,84,3,6.22,MG,1682482650
78,alba,52.0324,23.1165,40.08,95,100,15.73,PL,1682482650
79,whitehorse,60.7161,-135.0538,36.37,40,100,10.36,CA,1682482453
80,canyon,34.9803,-101.9188,57.04,90,35,14.85,US,1682482651
81,titao,13.7667,-2.0667,80.02,12,6,3.24,BF,1682482651
82,puerto ayora,-0.7393,-90.3518,76.55,96,87,1.99,EC,1682482651
83,gobo,33.8833,135.15,60.03,88,100,23.04,JP,1682482651
84,guiping,23.3925,110.0814,72.9,59,15,5.01,CN,1682482651
85,lebu,-37.6167,-73.65,57.2,81,100,3.15,CL,1682482375
86,sicuani,-14.2694,-71.2261,42.62,85,100,2.24,PE,1682482651
87,hotan,37.0997,79.9269,71.91,14,17,11.43,CN,1682482652
88,carbonear,47.7332,-53.2148,36.25,90,96,13.42,CA,1682482652
89,enewetak,11.3474,162.3373,80.62,83,76,19.86,MH,1682482652
90,udachny,66.4167,112.4,28.45,73,100,11.45,RU,1682482652
91,tralee,52.2704,-9.7026,46.31,96,100,8.55,IE,1682482652
92,nichinan,31.6,131.3667,71.28,51,86,11.41,JP,1682482653
93,port elizabeth,-33.918,25.5701,66.31,99,100,2.3,ZA,1682482653
94,grand falls-windsor,48.9332,-55.6649,33.51,93,100,7.43,CA,1682482653
95,dunedin,-45.8742,170.5036,53.8,58,91,10.0,NZ,1682482653
96,dalnegorsk,44.5604,135.5701,49.32,49,92,10.94,RU,1682482653
97,chojnice,53.6955,17.557,35.29,88,22,12.59,PL,1682482653
98,pacific grove,36.6177,-121.9166,56.88,85,0,1.99,US,1682482654
99,port lincoln,-34.7333,135.8667,79.02,38,98,20.13,AU,1682482476
100,zhezqazghan,47.7833,67.7667,61.38,33,0,8.95,KZ,1682482654
101,bredasdorp,-34.5322,20.0403,56.26,90,93,2.91,ZA,1682482654
102,bardai,11.65,7.2333,82.6,41,98,6.93,NG,1682482654
103,ancud,-41.8697,-73.8203,52.23,96,94,3.29,CL,1682482654
104,nar'yan-mar,67.6713,53.087,24.22,91,10,12.35,RU,1682482654
105,shiguai,40.7058,110.2856,55.04,34,79,7.2,CN,1682482655
106,forster,-32.1667,152.5167,72.37,60,97,3.0,AU,1682482655
107,hawaiian paradise park,19.5933,-154.9731,76.51,78,20,10.36,US,1682482655
108,cabo san lucas,22.8909,-109.9124,78.1,69,73,11.5,MX,1682482655
109,villa ojo de agua,-29.5,-63.6938,57.36,89,21,4.92,AR,1682482655
110,olonkinbyen,70.9221,-8.7187,25.54,69,100,12.26,SJ,1682482655
111,nova vicosa,-17.8919,-39.3719,74.26,88,3,0.58,BR,1682482655
112,kerikeri,-35.2268,173.9474,67.91,71,16,1.01,NZ,1682482656
113,novodvinsk,64.4165,40.8122,37.15,89,100,7.45,RU,1682482656
114,arkhangel'sk,64.5401,40.5433,37.51,64,40,11.18,RU,1682482506
115,puerto natales,-51.7236,-72.4875,38.55,85,100,4.63,CL,1682482656
116,kralendijk,12.15,-68.2667,78.78,89,2,9.22,BQ,1682482656
117,kingston,17.997,-76.7936,75.24,88,12,1.74,JM,1682482398
118,laguna,38.421,-121.4238,71.76,50,0,4.61,US,1682482657
119,vadso,70.0744,29.7487,30.36,74,0,3.44,NO,1682482370
120,tiwi,13.4667,123.6167,82.04,62,7,3.85,PH,1682482657
121,bereznik,62.8551,42.7072,42.58,91,44,6.13,RU,1682482657
122,paita,-5.0892,-81.1144,78.55,78,93,4.99,PE,1682482481
123,buka,40.8108,69.1986,66.92,44,0,5.39,UZ,1682482657
124,taltal,-25.4,-70.4833,63.99,82,34,2.48,CL,1682482657
125,micheweni,-4.9667,39.8333,79.34,84,100,12.55,TZ,1682482658
126,bamboo flat,11.7,92.7167,87.89,70,40,10.36,IN,1682482658
127,bayanaul,50.7889,75.6956,60.06,42,6,10.25,KZ,1682482658
128,thompson,55.7435,-97.8558,28.87,94,88,8.77,CA,1682482471
129,al bayda',32.7627,21.7551,58.01,35,78,9.69,LY,1682482658
130,atafu village,-8.5421,-172.5159,84.36,75,75,13.8,TK,1682482658
131,nuuk,64.1835,-51.7216,32.61,100,100,15.01,GL,1682482658
132,ankang,32.68,109.0172,73.26,46,22,1.3,CN,1682482659
133,taybad,34.74,60.7756,78.46,15,37,8.77,IR,1682482659
134,constitucion,-35.3333,-72.4167,56.37,67,100,6.35,CL,1682482659
135,boundiali,9.5217,-6.4869,77.63,72,100,8.16,CI,1682482578
136,arraial do cabo,-22.9661,-42.0278,73.26,94,20,8.05,BR,1682482659
137,sharlyk,52.9167,54.75,59.61,45,100,21.09,RU,1682482659
138,vidalia,32.2177,-82.4135,64.18,94,100,5.75,US,1682482659
139,de aar,-30.6497,24.0123,55.9,62,0,2.39,ZA,1682482660
140,cole harbour,44.6724,-63.4751,40.39,81,35,1.14,CA,1682482660
141,sao jose da coroa grande,-8.8978,-35.1478,76.17,88,97,3.94,BR,1682482660
142,tigpalay,7.4939,122.3431,87.75,63,100,4.27,PH,1682482660
143,badger,64.8,-147.5333,39.11,46,75,10.36,US,1682482660
144,crucecita,-28.95,-58.9833,59.34,84,18,2.24,AR,1682482660
145,isafjordur,66.0755,-23.124,28.36,65,6,5.19,IS,1682482660
146,howrah,22.5892,88.3103,89.6,51,40,0.0,IN,1682482661
147,aripuana,-9.1667,-60.6333,71.49,98,27,0.36,BR,1682482495
148,al qitena,14.8648,32.3668,85.44,28,65,10.42,SD,1682482661
149,ola,59.5833,151.2833,35.35,71,67,5.1,RU,1682482372
150,timbuktu,16.7735,-3.0074,79.0,12,0,9.22,ML,1682482661
151,natal,-5.795,-35.2094,77.65,94,75,6.91,BR,1682482661
152,bac lieu,9.285,105.7244,89.67,54,100,17.34,VN,1682482558
153,balatonboglar,46.7752,17.6441,43.95,68,27,15.88,HU,1682482661
154,lamu,-2.2717,40.902,75.42,87,100,8.68,KE,1682482661
155,jolo,6.05,121.0167,86.77,65,65,2.64,PH,1682482662
156,xilin hot,43.9667,116.0333,54.36,15,100,16.26,CN,1682482662
157,kapa'a,22.0752,-159.319,78.78,73,75,12.66,US,1682482662
158,mossel bay,-34.1831,22.146,62.53,89,54,6.82,ZA,1682482662
159,mil'kovo,55.6078,37.7956,51.35,91,100,8.19,RU,1682482662
160,stanley,54.868,-1.6985,34.7,87,100,1.14,GB,1682482662
161,koshki,54.2091,50.4677,56.17,58,100,17.58,RU,1682482662
162,kursenai,55.985,22.9189,41.25,90,100,7.29,LT,1682482663
163,harper,4.375,-7.7169,78.22,88,100,5.08,LR,1682482663
164,bechem,7.0903,-2.025,72.95,97,100,1.79,GH,1682482663
165,ribeira grande,38.5167,-28.7,62.78,95,100,14.0,PT,1682482663
166,longyearbyen,78.2186,15.6401,19.24,73,0,4.61,SJ,1682482663
167,jackson,42.4165,-122.8345,64.27,46,0,4.61,US,1682482663
168,sallisaw,35.4604,-94.7875,53.28,97,75,8.05,US,1682482663
169,topolobampo,25.6,-109.05,69.71,78,0,2.3,MX,1682482664
170,rio grande,-32.035,-52.0986,66.06,93,100,12.64,BR,1682482401
171,talnakh,69.4865,88.3972,31.21,95,100,3.87,RU,1682482664
172,afaahiti,-17.75,-149.2833,80.47,83,100,11.25,PF,1682482664
173,mariehamn,60.0973,19.9348,39.06,100,100,4.61,AX,1682482664
174,puerto leguizamo,-0.1934,-74.7819,71.13,96,11,1.77,CO,1682482664
175,duragan,41.4158,35.0544,55.9,66,28,1.7,TR,1682482664
176,haiku-pauwela,20.9219,-156.3051,74.17,84,75,11.5,US,1682482664
177,castillos,-34.1667,-53.8333,61.45,96,97,3.71,UY,1682482665
178,vila franca do campo,37.7167,-25.4333,63.01,94,39,8.1,PT,1682482466
179,hami,42.8,93.45,64.0,18,91,6.87,CN,1682482665
180,alofi,-19.0595,-169.9187,78.55,78,79,17.18,NU,1682482538
181,san patricio,28.017,-97.5169,75.15,91,39,12.48,US,1682482665
182,kalanchak,46.2562,33.2907,50.29,69,85,6.35,UA,1682482665
183,vanju-mare,44.4253,22.8697,45.39,80,1,9.62,RO,1682482665
184,bobo-dioulasso,11.1771,-4.2979,81.05,69,0,4.61,BF,1682482666
185,yuzhno-kurilsk,44.0306,145.8556,41.72,91,100,27.09,RU,1682482373
186,portland,45.5234,-122.6762,58.03,64,72,1.99,US,1682482566
187,eirunepe,-6.6603,-69.8736,71.1,99,47,1.28,BR,1682482371
188,keflavik,64.0049,-22.5624,34.23,86,75,9.22,IS,1682482666
189,yoloten,37.2989,62.3597,78.78,19,23,4.43,TM,1682482666
190,chonchi,-42.6128,-73.8092,51.01,97,100,2.04,CL,1682482666
191,mount gambier,-37.8333,140.7667,75.58,41,100,11.18,AU,1682482667
192,al muwayh,22.4333,41.7583,71.8,49,7,6.89,SA,1682482667
193,kahna nau,31.3692,74.3653,84.24,34,61,5.75,PK,1682482667
194,caxito,-8.5785,13.6643,75.16,98,91,2.1,AO,1682482667
195,tual,-5.6667,132.75,83.48,73,98,5.48,ID,1682482667
196,soe,-9.8607,124.284,77.74,69,68,9.1,ID,1682482667
197,broken hill,-31.95,141.4333,76.1,33,100,18.63,AU,1682482668
198,santa cruz,-17.8,-63.1667,67.46,94,75,14.97,BO,1682482668
199,kantunilkin,21.0917,-87.45,74.97,83,95,4.83,MX,1682482668
200,las khorey,11.1595,48.1967,84.76,71,0,2.15,SO,1682482668
201,sandnessjoen,66.0217,12.6316,33.91,73,75,6.91,NO,1682482418
202,maymana,35.9214,64.7836,75.63,24,10,1.39,AF,1682482668
203,hasaki,35.7333,140.8333,65.21,91,100,27.56,JP,1682482427
204,copala,16.65,-98.9833,77.23,73,2,3.94,MX,1682482669
205,lefka,35.1106,32.8506,54.09,54,16,3.49,CY,1682482669
206,temerluh,3.4506,102.4176,88.99,78,99,3.0,MY,1682482669
207,fisterra,42.9049,-9.2629,61.02,95,100,7.83,ES,1682482669
208,klyuchi,52.2667,79.1667,61.5,41,61,13.35,RU,1682482669
209,sretensk,52.2453,117.7093,49.69,20,72,3.49,RU,1682482669
210,tarauaca,-8.1614,-70.7656,70.21,98,62,1.34,BR,1682482669
211,yingkou,40.6648,122.2283,54.28,27,0,7.81,CN,1682482669
212,dongsheng,39.8161,109.9776,61.03,27,61,21.05,CN,1682482669
213,tiksi,71.6872,128.8694,16.27,89,96,4.65,RU,1682482670
214,fale old settlement,-9.3852,-171.2468,84.67,73,14,12.03,TK,1682482670
215,paro,27.4305,89.4133,61.95,44,49,6.22,BT,1682482670
216,cockburn town,21.4612,-71.1419,77.45,78,39,11.74,TC,1682482472
217,hirara,24.8,125.2833,71.46,83,75,21.85,JP,1682482670
218,alice springs,-23.7,133.8833,85.55,26,40,5.75,AU,1682482670
219,grootfontein,-19.5667,18.1167,56.77,88,19,3.44,NA,1682482670
220,kavak,41.0783,36.0425,44.76,59,25,5.14,TR,1682482671
221,kongoussi,13.3258,-1.5347,82.04,14,28,3.74,BF,1682482671
222,tura,25.5198,90.2201,90.19,25,68,5.68,IN,1682482671
223,utrik,11.2278,169.8474,80.69,80,94,22.17,MH,1682482671
224,palmer,42.1584,-72.3287,46.81,83,100,0.0,US,1682482671
225,tsiombe,-25.3,45.4833,64.56,77,4,1.3,MG,1682482671
226,as saffaniyah,27.9708,48.73,78.13,47,72,9.66,SA,1682482671
227,nova sintra,14.8667,-24.7167,68.04,76,3,19.19,CV,1682482672
228,luderitz,-26.6481,15.1594,61.88,78,1,8.37,NA,1682482672
229,nchelenge,-9.3451,28.734,67.64,89,9,4.94,ZM,1682482672
230,les anglais,18.3054,-74.2197,76.21,82,70,3.78,HT,1682482672
231,ilulissat,69.2167,-51.1,32.02,100,100,10.36,GL,1682482672
232,turan,16.0678,108.2208,85.98,62,40,5.75,VN,1682482672
233,grande prairie,55.1667,-118.8027,38.84,53,46,12.17,CA,1682482538
234,choibalsan,48.0667,114.5,59.13,16,7,6.38,MN,1682482673
235,coeur d'alene,47.6777,-116.7805,52.16,71,0,5.75,US,1682482637
236,new norfolk,-42.7826,147.0587,74.91,33,2,2.08,AU,1682482673
237,uturoa,-16.7333,-151.4333,82.22,75,90,7.05,PF,1682482673
238,tabou,4.423,-7.3528,78.28,89,100,5.57,CI,1682482674
239,las veredas,23.1388,-109.7075,77.45,54,40,4.61,MX,1682482674
240,al jawf,29.5,38.75,64.09,25,0,6.31,SA,1682482674
241,mianyang,31.4593,104.7542,70.18,52,100,6.2,CN,1682482674
242,kushiro,42.975,144.3747,45.55,100,75,27.63,JP,1682482674
243,hadibu,12.65,54.0333,82.26,68,2,5.53,YE,1682482675
244,lompoc,34.6391,-120.4579,51.94,95,100,4.61,US,1682482675
245,greymouth,-42.4667,171.2,54.93,72,100,5.01,NZ,1682482675
246,gizo,-8.103,156.8419,84.25,70,50,2.91,SB,1682482675
247,college,64.8569,-147.8028,39.18,45,75,10.36,US,1682482675
248,homer,59.6425,-151.5483,39.79,79,75,5.99,US,1682482675
249,punta arenas,-53.15,-70.9167,42.91,65,75,11.5,CL,1682482674
250,shengli,37.4564,118.4856,65.28,13,0,6.71,CN,1682482675
251,peace river,56.2501,-117.286,41.31,52,20,6.91,CA,1682482675
252,flying fish cove,-10.4217,105.6791,80.42,79,100,7.49,CX,1682482675
253,mugia,43.1041,-9.2179,61.16,96,100,8.63,ES,1682482676
254,touros,-5.1989,-35.4608,76.57,89,74,8.7,BR,1682482676
255,sale,34.0389,-6.8166,68.63,93,0,0.0,MA,1682482676
256,behbahan,30.5959,50.2417,77.4,37,57,3.56,IR,1682482676
257,netanya,32.3329,34.8599,59.22,72,0,4.07,IL,1682482676
258,bat khela,34.6167,71.9714,77.38,34,37,0.18,PK,1682482676
259,auki,-8.7676,160.7034,81.77,80,100,1.12,SB,1682482676
260,akureyri,65.6835,-18.0878,28.33,74,100,5.75,IS,1682482676
261,tazovsky,67.4667,78.7,17.22,89,39,7.56,RU,1682482676
262,tinogasta,-28.0632,-67.5649,63.82,53,30,0.6,AR,1682482677
263,sao gotardo,-19.3111,-46.0489,58.62,83,2,2.19,BR,1682482610
264,mandalgovi,45.7625,106.2708,48.87,40,76,31.88,MN,1682482677
265,avarua,-21.2078,-159.775,78.85,78,75,5.75,CK,1682482403
266,ghat,24.9647,10.1728,72.54,24,2,0.69,LY,1682482677
267,havre,49.5833,0.3333,44.37,70,0,11.5,FR,1682482677
268,hithadhoo,-0.6,73.0833,84.52,75,100,14.27,MV,1682482422
269,westport,41.1415,-73.3579,48.74,73,0,5.75,US,1682482677
270,dul'durga,50.6761,113.5931,54.1,17,6,5.57,RU,1682482678
271,khanty-mansiysk,61.0042,69.0019,33.91,75,0,7.0,RU,1682482678
272,riberalta,-10.9833,-66.1,72.91,99,100,1.99,BO,1682482495
273,cobija,-11.0267,-68.7692,71.22,99,79,2.39,BO,1682482678
274,luanda,-8.8368,13.2343,77.92,91,99,5.55,AO,1682482678
275,gobabis,-22.45,18.9667,66.83,50,10,7.74,NA,1682482678
276,semenov,56.7875,44.493,51.49,95,100,9.24,RU,1682482678
277,mawlamyinegyunn,16.3833,95.2667,99.73,27,68,7.7,MM,1682482678
278,kuala terengganu,5.3302,103.1408,86.14,65,100,4.65,MY,1682482539
279,apastepeque,13.6667,-88.7833,75.27,86,39,0.11,SV,1682482678
280,la passe,45.5549,-0.8967,55.63,97,100,7.4,FR,1682482679
281,tolanaro,-25.0319,46.9987,66.27,77,20,4.61,MG,1682482679
282,palmares do sul,-30.2578,-50.5097,67.78,89,100,9.24,BR,1682482679
283,pumiao,22.75,108.4833,77.4,44,7,6.4,CN,1682482679
284,faya-largeau,17.9257,19.1043,82.81,13,1,11.3,TD,1682482679
285,saint-philippe,-21.3585,55.7679,75.11,85,24,5.59,RE,1682482679
286,praia da vitoria,38.7333,-27.0667,62.76,98,100,14.0,PT,1682482546
287,kholmsk,47.0511,142.0569,38.62,95,100,3.96,RU,1682482679
288,gisborne,-38.6533,178.0042,59.02,83,90,16.98,NZ,1682482680
289,ilomantsi,62.6716,30.9328,37.8,94,74,3.91,FI,1682482680
290,papatowai,-46.5619,169.4708,54.63,71,91,13.98,NZ,1682482680
291,kelibia,36.8476,11.0939,62.85,82,0,6.91,TN,1682482680
292,abadeh,31.1608,52.6506,55.31,44,0,4.61,IR,1682482680
293,torit,4.4133,32.5678,70.95,79,100,1.48,SS,1682482680
294,ust'-kut,56.7938,105.7672,35.98,82,100,6.46,RU,1682482681
295,bouarfa,32.53,-1.95,64.99,27,0,2.89,MA,1682482681
296,cabedelo,-6.9811,-34.8339,77.67,89,96,6.8,BR,1682482681
297,qamdo,31.1667,97.2333,33.48,66,95,8.66,CN,1682482681
298,biankouma,7.7391,-7.6138,70.16,97,100,5.03,CI,1682482681
299,fort wellington,6.4,-57.6,76.62,88,100,5.03,GY,1682482681
300,port isabel,26.0734,-97.2086,75.24,92,0,8.05,US,1682482620
301,kuching,1.55,110.3333,89.82,65,40,5.99,MY,1682482681
302,zemio,5.0314,25.1361,67.69,98,99,3.06,CF,1682482682
303,baruun-urt,46.6806,113.2792,54.36,17,100,11.92,MN,1682482682
304,sambava,-14.2667,50.1667,76.24,90,77,4.59,MG,1682482682
305,ixtapa,20.7,-105.2,75.22,83,40,3.44,MX,1682482682
306,noosa heads,-26.3833,153.15,73.11,71,35,18.19,AU,1682482682
307,lerwick,60.1545,-1.1494,33.8,59,38,13.85,GB,1682482424
308,camana,-16.6228,-72.7111,69.17,89,20,5.7,PE,1682482682
309,gemena,3.25,19.7667,70.68,99,99,2.3,CD,1682482682
310,bubaque,11.2833,-15.8333,77.86,67,50,15.82,GW,1682482683
311,cidreira,-30.1811,-50.2056,69.19,89,100,9.71,BR,1682482683
312,turpan,42.9333,89.1667,74.23,19,44,6.69,CN,1682482683
313,machico,32.7,-16.7667,65.01,61,20,5.75,PT,1682482401
314,turtas,58.9417,69.1325,52.68,73,56,3.02,RU,1682482683
315,palangkaraya,-2.2,113.8333,87.31,69,99,2.17,ID,1682482683
316,porto novo,6.4965,2.6036,80.42,88,100,5.01,BJ,1682482683
317,naze,28.3667,129.4833,63.52,79,97,16.06,JP,1682482683
318,kailua-kona,19.6406,-155.9956,80.56,82,75,5.75,US,1682482683
319,mme-bafumen,6.3333,10.2333,63.82,77,100,4.05,CM,1682482684
320,quellon,-43.1167,-73.6167,48.45,100,100,3.44,CL,1682482684
321,ar rumaythah,31.5263,45.2025,76.26,25,15,4.94,IQ,1682482421
322,yeed,4.55,43.0333,73.26,88,100,8.19,SO,1682482684
323,waitara,-38.925,174.25,59.99,71,6,18.01,NZ,1682482684
324,lorengau,-2.0226,147.2712,83.84,77,40,5.86,PG,1682482684
325,port mathurin,-19.6833,63.4167,78.55,80,8,14.92,MU,1682482684
326,pirapora,-17.345,-44.9419,67.51,81,10,1.36,BR,1682482684
327,maragogi,-9.0122,-35.2225,75.52,90,100,3.62,BR,1682482684
328,weno,7.4515,151.8468,80.55,89,100,3.44,FM,1682482685
329,korla,41.7597,86.1469,64.94,25,97,17.72,CN,1682482685
330,khandyga,62.6667,135.6,39.58,72,76,3.42,RU,1682482685
331,tchollire,8.4022,14.1698,79.92,42,93,2.71,CM,1682482685
332,forrest city,35.0081,-90.7898,51.46,64,100,5.77,US,1682482685
333,holualoa,19.6228,-155.9522,76.84,82,75,5.75,US,1682482685
334,deir ez-zor,35.3359,40.1408,68.16,33,0,1.83,SY,1682482655
335,sattahip,12.6664,100.9007,89.98,83,75,5.75,TH,1682482685
336,kuqa,41.7278,82.9364,64.69,20,19,3.76,CN,1682482685
337,lihue,21.9789,-159.3672,78.04,74,75,12.66,US,1682482686
338,namibe,-15.1961,12.1522,75.42,78,66,1.66,AO,1682482409
339,kristiansund,63.1115,7.732,34.45,86,100,5.75,NO,1682482686
340,ulsteinvik,62.3432,5.8487,36.32,87,100,14.0,NO,1682482686
341,chibuto,-24.6867,33.5306,64.85,95,1,2.06,MZ,1682482686
342,lucija,45.5053,13.6024,50.77,92,11,9.22,SI,1682482686
343,charters towers,-20.1,146.2667,80.17,42,66,12.15,AU,1682482686
344,champerico,14.3,-91.9167,84.11,66,12,7.85,GT,1682482686
345,salinopolis,-0.6136,-47.3561,77.34,89,40,8.16,BR,1682482687
346,atar,20.5169,-13.0499,82.67,26,3,2.1,MR,1682482687
347,okha,53.5739,142.9478,34.68,90,100,14.38,RU,1682482687
348,conception bay south,47.4999,-52.9981,35.55,95,99,14.34,CA,1682482687
349,khorramshahr,30.4397,48.1664,73.36,38,0,6.91,IR,1682482687
350,pindushi,62.9152,34.58,40.66,92,100,3.6,RU,1682482687
351,hilo,19.7297,-155.09,76.73,73,20,10.36,US,1682482467
352,monkey bay,-14.0728,34.9201,69.91,84,2,11.99,MW,1682482687
353,letlhakeng,-24.0944,25.0298,65.39,56,4,6.35,BW,1682482687
354,rio gallegos,-51.6226,-69.2181,37.45,87,0,1.14,AR,1682482688
355,brookings,44.3114,-96.7984,43.14,52,100,12.66,US,1682482656
356,ad dabbah,18.05,30.95,81.36,19,27,6.73,SD,1682482688
357,saint-pierre,-21.3393,55.4781,79.57,88,75,4.61,RE,1682482688
358,buala,-8.145,159.5921,83.55,75,70,3.96,SB,1682482688
359,fort bragg,35.139,-79.006,58.55,73,100,1.99,US,1682482398
360,nagqu,31.5,92.0,31.78,51,52,3.76,CN,1682482688
361,chegdomyn,51.1167,133.0167,38.55,66,100,6.42,RU,1682482688
362,ikalamavony,-21.15,46.5833,62.85,85,38,3.91,MG,1682482688
363,palmas,-10.2128,-48.3603,76.87,88,40,4.61,BR,1682482637
364,saldanha,-33.0117,17.9442,59.2,79,78,5.32,ZA,1682482689
365,polyarnyy,69.1989,33.4478,23.72,84,80,3.91,RU,1682482689
366,lethem,3.3803,-59.7968,72.32,95,98,2.19,GY,1682482689
367,fredonia,42.4401,-79.3317,42.62,89,100,4.61,US,1682482689
368,juan jose rios,25.75,-108.8333,69.75,61,53,5.1,MX,1682482689
369,businga,3.3333,20.8833,71.33,99,100,1.14,CD,1682482689
370,rakops,-21.0167,24.3333,71.46,43,8,6.31,BW,1682482689
371,kiruna,67.8557,20.2251,23.92,93,100,10.36,SE,1682482690
372,kavieng,-2.5744,150.7967,85.3,70,99,8.16,PG,1682482690
373,toyohama,34.7,136.9333,60.8,80,100,20.4,JP,1682482690
374,novyy urgal,51.0736,132.5642,40.55,51,100,10.38,RU,1682482690
375,rafsanjan,30.4067,55.9939,70.16,32,80,2.93,IR,1682482690
376,lamarque,-39.423,-65.7021,64.65,23,100,5.46,AR,1682482690
377,singaraja,-8.112,115.0882,84.76,73,41,2.86,ID,1682482690
378,kaihua,23.3687,104.28,68.11,69,98,9.48,CN,1682482690
379,huilong,31.8111,121.655,65.21,56,4,11.5,CN,1682482690
380,sao vicente,-23.9631,-46.3919,74.26,26,29,4.45,BR,1682482691
381,oyon,-10.6681,-76.7731,44.31,91,87,4.43,PE,1682482691
382,richards bay,-28.783,32.0377,67.48,93,5,2.89,ZA,1682482691
383,labytnangi,66.6572,66.4183,23.77,88,7,6.46,RU,1682482490
384,antsiranana,-12.2787,49.2917,79.56,89,20,6.91,MG,1682482691
385,kaiama,9.6225,3.9481,80.35,74,100,9.1,NG,1682482691
386,moree,-29.4667,149.85,77.49,29,0,6.49,AU,1682482691
387,pahrump,36.2083,-115.9839,70.95,11,2,5.01,US,1682482691
388,ayr,55.4627,-4.6339,33.78,86,40,2.3,GB,1682482691
389,papao,-17.75,-149.55,82.08,80,100,9.64,PF,1682482450
390,pizarro,4.9533,-77.366,79.11,84,99,3.76,CO,1682482692
391,igarka,67.4667,86.5833,28.15,94,100,14.05,RU,1682482692
392,i-n-salah,27.1935,2.4607,76.01,19,0,12.37,DZ,1682482692
393,zag,46.9441,99.165,33.53,26,37,24.16,MN,1682482692
394,kurchatov,51.6601,35.6521,52.97,83,66,5.64,RU,1682482692
395,shingu,33.7333,135.9833,67.41,79,100,6.31,JP,1682482692
396,baie-comeau,49.2168,-68.1489,35.28,93,75,5.75,CA,1682482692
397,sherwood,34.8151,-92.2243,53.37,94,100,8.05,US,1682482564
398,assai,-23.3733,-50.8414,64.26,88,63,3.38,BR,1682482692
399,marsh harbour,26.5412,-77.0636,75.47,73,68,7.83,BS,1682482541
400,sitka,57.0531,-135.33,44.49,57,100,13.8,US,1682482439
401,khurai,24.0436,78.3319,88.14,25,59,7.96,IN,1682482693
402,la gi,10.6667,107.7833,90.9,50,84,12.82,VN,1682482693
403,howard springs,-12.497,131.047,91.98,70,100,10.65,AU,1682482693
404,hpa-an,16.8906,97.6333,98.53,40,41,5.7,MM,1682482693
405,sumbawa besar,-8.5,117.4333,87.87,67,82,5.37,ID,1682482693
406,churu,28.3,74.95,91.2,14,100,10.2,IN,1682482693
407,el tigre,8.8875,-64.2454,73.29,88,100,7.56,VE,1682482694
408,cullman,34.1748,-86.8436,56.1,82,100,0.0,US,1682482602
409,sao gabriel da cachoeira,-0.1303,-67.0892,70.74,99,93,1.9,BR,1682482694
410,muroto-misakicho,33.2833,134.15,63.21,78,100,3.36,JP,1682482694
411,chico,39.7285,-121.8375,73.29,37,6,6.29,US,1682482673
412,sawakin,19.1059,37.3321,79.3,65,13,6.87,SD,1682482694
413,camiri,-20.05,-63.5167,62.13,97,100,0.94,BO,1682482694
414,aykhal,66.0,111.5,24.37,87,100,12.26,RU,1682482694
415,saint-joseph,-21.3667,55.6167,78.48,85,25,4.97,RE,1682482695
416,sisimiut,66.9395,-53.6735,33.3,98,100,7.47,GL,1682482695
417,myrina,39.8797,25.0742,52.84,94,20,0.0,GR,1682482695
418,siyabuswa,-25.1132,29.0445,63.64,53,6,3.11,ZA,1682482695
419,sorong,-0.8833,131.25,85.71,68,23,7.2,ID,1682482695
420,ironwood,46.4547,-90.171,30.54,93,0,0.0,US,1682482695
421,sabang,5.8933,95.3214,84.36,73,100,15.35,ID,1682482695
422,urangan,-25.3,152.9,75.31,62,15,19.37,AU,1682482695
423,cam ranh,11.9214,109.1591,89.56,58,20,14.97,VN,1682482695
424,nephi,39.7102,-111.8363,39.74,85,64,3.2,US,1682482696
425,usogorsk,63.4106,48.6872,35.29,99,100,5.46,RU,1682482696
426,labrador city,52.9463,-66.9114,28.31,80,0,4.61,CA,1682482696
427,onguday,50.75,86.15,35.89,93,100,2.66,RU,1682482696
428,colonia,50.9333,6.95,37.96,84,20,2.3,DE,1682482664
429,boulazac,45.1167,0.75,53.31,90,100,3.69,FR,1682482696
430,cumra,37.5732,32.7745,44.74,59,91,6.26,TR,1682482696
431,klerksdorp,-26.8521,26.6667,57.99,55,0,1.99,ZA,1682482696
432,manokwari,-0.8667,134.0833,83.82,71,93,5.68,ID,1682482696
433,belyy yar,53.6039,91.3903,39.09,52,20,11.18,RU,1682482697
434,kampong thom,12.7111,104.8887,93.9,42,100,6.91,KH,1682482697
435,cambria,35.5641,-121.0808,68.77,76,11,4.65,US,1682482697
436,nur-sultan,51.1801,71.446,62.55,39,0,8.95,KZ,1682482489
437,kenai,60.5544,-151.2583,41.09,71,0,10.36,US,1682482697
438,kone,-21.0595,164.8658,78.78,75,100,0.67,NC,1682482495
439,coronel suarez,-37.4547,-61.9334,57.51,69,100,4.41,AR,1682482697
440,ouadda,8.0777,22.4007,72.68,73,100,4.76,CF,1682482697
441,ji'an,27.1172,114.9793,67.57,57,18,4.85,CN,1682482697
442,acapulco de juarez,16.8634,-99.8901,80.42,74,40,5.75,MX,1682482521
443,gorgoram,12.6398,10.7039,84.79,23,13,3.65,NG,1682482698
444,bom jesus da lapa,-13.255,-43.4181,69.17,66,0,5.46,BR,1682482698
445,dom pedrito,-30.9828,-54.6731,61.39,96,89,2.68,BR,1682482698
446,bandarbeyla,9.4942,50.8122,83.28,73,29,8.16,SO,1682482698
447,kendari,-3.945,122.4989,84.16,80,63,3.38,ID,1682482698
448,cadale,2.7603,46.3222,83.25,73,100,6.44,SO,1682482698
449,dhidhdhoo,6.8833,73.1,84.29,68,53,6.44,MV,1682482698
450,agua dulce,18.1333,-94.1333,77.18,87,96,2.39,MX,1682482698
451,las heras,-46.5419,-68.9359,43.34,86,57,0.87,AR,1682482699
452,mili,6.0815,171.735,79.77,81,100,10.54,MH,1682482699
453,puerto penasco,31.3167,-113.5333,66.9,71,7,1.99,MX,1682482699
454,princeville,45.7668,-61.2985,34.32,94,0,0.0,CA,1682482699
455,codrington,-38.2667,141.9667,75.52,42,100,15.77,AU,1682482699
456,port sudan,19.6175,37.2164,78.58,65,3,7.14,SD,1682482699
457,chimore,-16.9833,-65.1333,72.25,98,89,1.74,BO,1682482699
458,lodeynoye pole,60.726,33.5531,50.02,71,81,3.51,RU,1682482699
459,carnarvon,-24.8667,113.6333,70.88,47,0,14.25,AU,1682482699
460,ugoofaaru,5.6667,73.0,83.86,72,55,9.04,MV,1682482700
461,bullsbrook,-31.6667,116.0,72.91,56,75,12.66,AU,1682482700
462,woolgoolga,-30.1106,153.2007,71.47,56,84,11.88,AU,1682482700
463,pudozh,61.8099,36.5345,48.56,78,7,4.18,RU,1682482700
464,bikenibeu village,1.3673,173.1241,85.96,70,75,5.75,KI,1682482512
465,apatity,67.5641,33.4031,29.77,84,100,5.82,RU,1682482700
466,obigarm,38.7173,69.7088,62.51,56,28,6.22,TJ,1682482700
467,turkmenbasy,40.0222,52.9552,56.17,94,100,9.22,TM,1682482700
468,santa marta,11.2408,-74.199,83.89,69,20,4.61,CO,1682482700
469,nguigmi,14.2495,13.1092,86.11,15,13,6.73,NE,1682482701
470,posto fiscal rolim de moura,-13.0833,-62.2667,72.07,97,65,0.72,BR,1682482701
471,keszthely,46.7681,17.2432,42.69,81,0,8.05,HU,1682482701
472,laojunmiao,39.8333,97.7333,49.77,30,96,6.76,CN,1682482701
473,whakatane,-37.9585,176.9854,72.52,64,65,4.0,NZ,1682482701
474,bueng kan,18.363,103.6519,90.07,46,62,3.62,TH,1682482701
475,maceio,-9.6658,-35.7353,74.64,100,40,4.61,BR,1682482701
476,segou,13.4317,-6.2157,84.45,13,27,10.36,ML,1682482701
477,taoudenni,22.6783,-3.9836,82.42,12,41,10.42,ML,1682482701
478,lijiang,26.8688,100.2207,66.92,35,58,6.91,CN,1682482702
479,fonte boa,-2.4959,-66.2662,72.27,98,51,2.51,BR,1682482702
480,kourou,5.1552,-52.6478,75.25,92,99,6.69,GF,1682482702
481,newman,37.3138,-121.0208,71.83,61,4,3.0,US,1682482702
482,kununurra,-15.7667,128.7333,94.98,43,68,5.75,AU,1682482702
483,kanniyakumari,8.0833,77.5667,85.1,69,38,2.51,IN,1682482702
484,el bauga,18.262,33.9081,80.55,45,8,7.96,SD,1682482702
485,krasnaya gora,52.9995,31.6023,49.6,73,50,3.6,RU,1682482702
486,liuhe,42.2401,125.7172,51.12,30,25,8.59,CN,1682482702
487,eyl,7.9803,49.8164,83.07,72,15,7.76,SO,1682482703
488,borba,-4.3878,-59.5939,73.33,98,100,2.26,BR,1682482703
489,hajjah,15.6943,43.6058,70.03,49,9,0.72,YE,1682482703
490,san miguel panixtlahuaca,16.2484,-97.3843,65.86,80,26,1.86,MX,1682482703
491,puerto deseado,-47.7503,-65.8938,49.08,71,100,11.7,AR,1682482703
492,katabu,-4.9333,122.5167,83.73,72,100,2.35,ID,1682482703
493,priozersk,61.0393,30.1291,52.11,63,31,3.83,RU,1682482703
494,port moresby,-9.4431,147.1797,87.22,70,40,17.27,PG,1682482703
495,paracambi,-22.6086,-43.7128,69.06,95,3,3.74,BR,1682482703
496,selfoss,63.9331,-20.9971,30.04,66,90,7.34,IS,1682482414
497,aioun,16.6614,-9.6149,83.1,10,0,8.77,MR,1682482704
498,el granada,37.5027,-122.4694,65.05,81,20,18.41,US,1682482442
499,agryz,56.5203,52.9942,52.79,79,100,10.6,RU,1682482704
500,berching,49.1044,11.4422,39.78,92,41,2.82,DE,1682482704
501,norrtalje,59.758,18.705,41.43,94,100,4.38,SE,1682482704
502,plettenberg bay,-34.0527,23.3716,60.85,92,32,2.62,ZA,1682482704
503,starotitarovskaya,45.2136,37.1439,52.27,75,57,8.23,RU,1682482704
504,ilebo,-4.3167,20.5833,70.32,98,61,1.59,CD,1682482704
505,rio san juan,19.6439,-70.0763,75.99,82,98,8.37,DO,1682482704
506,kirgiz-miyaki,53.6324,54.7979,58.51,46,100,18.88,RU,1682482705
507,acarau,-2.8856,-40.12,76.96,89,88,8.28,BR,1682482705
508,hovsan,40.3744,50.0853,62.73,77,0,9.22,AZ,1682482705
509,pikeville,37.4793,-82.5188,49.59,86,0,2.64,US,1682482705
510,mahanoro,-19.9,48.8,72.91,90,41,5.03,MG,1682482705
511,nay pyi taw,19.745,96.1297,101.8,18,2,6.17,MM,1682482705
512,nantucket,41.2835,-70.0995,46.51,89,20,0.0,US,1682482559
513,tamanrasset,22.785,5.5228,64.31,15,0,2.3,DZ,1682482482
514,loen,7.7601,168.2307,81.32,80,100,26.15,MH,1682482706
515,kolokani,13.5728,-8.0339,79.07,15,2,6.89,ML,1682482706
516,port saint john's,-31.6229,29.5448,70.25,92,55,7.47,ZA,1682482706
517,libenge,3.65,18.6333,70.39,98,100,0.47,CD,1682482706
518,reitz,-27.8014,28.4273,50.67,83,0,4.45,ZA,1682482706
519,bismarck,46.8083,-100.7837,42.87,54,100,9.22,US,1682482706
520,fortuna,40.5982,-124.1573,52.66,88,8,2.19,US,1682482706
521,ponta delgada,37.7333,-25.6667,63.32,100,75,8.05,PT,1682482707
522,calilegua,-23.7737,-64.77,57.13,93,0,2.19,AR,1682482707
523,noumea,-22.2763,166.4572,78.01,99,100,3.13,NC,1682482472
524,hoemul-li,41.4339,129.67,47.17,79,91,11.97,KP,1682482707
525,zalingei,12.9096,23.4741,81.1,28,83,3.38,SD,1682482707
526,alta sierra,35.7291,-118.5495,54.79,45,9,1.25,US,1682482707
527,luoyang,34.6836,112.4536,71.6,39,1,5.3,CN,1682482707
528,port blair,11.6667,92.75,87.84,70,40,10.36,IN,1682482707
529,mar del plata,-38.0023,-57.5575,64.09,98,100,1.99,AR,1682482444
530,tanout,14.9709,8.8879,78.84,16,41,2.26,NE,1682482708
531,yarmouth,41.7057,-70.2286,47.14,93,100,7.0,US,1682482708
532,minjur,13.2667,80.2667,90.0,63,45,9.19,IN,1682482708
533,dakhla,23.6848,-15.958,65.46,94,1,11.97,EH,1682482708
534,las juntas,19.4167,-104.7,66.74,68,100,2.17,MX,1682482708
535,lafiagi,8.8667,5.4167,81.16,66,99,7.38,NG,1682482708
536,manggar,-2.8833,108.2667,85.3,69,89,6.11,ID,1682482708
537,klaksvik,62.2266,-6.589,32.92,63,99,21.27,FO,1682482708
538,isla mujeres,21.2311,-86.731,78.85,77,100,13.02,MX,1682482709
539,janauba,-15.8025,-43.3089,68.2,79,0,4.85,BR,1682482473
540,lata,40.1629,-8.3327,54.07,91,48,2.98,PT,1682482709
541,arteche,12.2645,125.4048,82.17,80,83,5.23,PH,1682482709
542,marrakesh,31.6315,-8.0083,71.67,40,20,4.61,MA,1682482478
543,puerto armuelles,8.2833,-82.8667,78.98,83,41,2.33,PA,1682482709
544,palikir - national government center,6.9248,158.1611,81.55,78,23,12.26,FM,1682482709
545,beroroha,-21.6667,45.1667,67.66,77,2,2.19,MG,1682482709
546,chunskiy,56.0815,99.6342,34.3,53,100,11.12,RU,1682482709
547,arar,30.9753,41.0381,66.22,42,0,11.5,SA,1682482709
548,guerrero negro,27.9769,-114.0611,59.16,80,0,13.8,MX,1682482710
549,la ronge,55.1001,-105.2842,37.65,93,100,12.66,CA,1682482710
550,ovar,40.8586,-8.6251,60.19,87,73,3.89,PT,1682482710
551,kudymkar,59.0173,54.656,50.61,82,100,4.29,RU,1682482710
552,padang,-0.9492,100.3543,84.25,69,98,4.92,ID,1682482710
553,indramayu,-6.3264,108.32,84.85,71,96,5.44,ID,1682482710
554,san antonio de pale,-1.4014,5.6325,82.6,75,100,9.95,GQ,1682482710
555,robore,-18.3333,-59.75,70.92,94,0,2.91,BO,1682482710
556,nea alikarnassos,35.3333,25.1667,61.83,80,20,12.66,GR,1682482710
557,paphos,34.7667,32.4167,55.24,67,0,6.91,CY,1682482711
558,horta,38.5333,-28.6333,62.02,95,99,14.0,PT,1682482711
559,khovd,48.0056,91.6419,31.86,38,43,7.34,MN,1682482711
560,kirakira,-10.4544,161.9205,82.78,70,100,1.48,SB,1682482711
561,qarqaraly,49.4058,75.4742,56.03,42,14,6.13,KZ,1682482711
562,karratha,-20.7377,116.8463,86.81,33,92,0.31,AU,1682482711
563,pangody,65.85,74.4859,27.1,95,80,9.17,RU,1682482712
564,crescent city,41.756,-124.2018,56.73,87,0,0.0,US,1682482712
565,mahavelona,-17.6848,49.5087,75.18,85,68,9.55,MG,1682482712
566,la'ie,21.6477,-157.9253,80.56,75,95,5.01,US,1682482712
567,orkney,-26.9802,26.6727,59.13,53,0,2.01,ZA,1682482712
568,chibougamau,49.9168,-74.3659,33.42,100,100,6.91,CA,1682482588
569,oranjemund,-28.55,16.4333,56.98,92,35,4.79,NA,1682482712
570,happy valley-goose bay,53.3168,-60.3315,35.91,75,20,4.61,CA,1682482713
571,north bend,43.4065,-124.2243,53.85,88,0,12.66,US,1682482713
